,date,station_uuid,diesel,e5,e10,dieselchange,e5change,e10change
4762,2019-10-01 05:06:04+02,77c4cc3c-ae11-43c4-85cc-5c147409b46f,1.379,1.539,1.519,1,1,1
33662,2019-10-01 08:09:04+02,77c4cc3c-ae11-43c4-85cc-5c147409b46f,1.359,1.489,1.469,1,1,1
47615,2019-10-01 08:56:04+02,77c4cc3c-ae11-43c4-85cc-5c147409b46f,1.329,1.479,1.459,1,1,1
53114,2019-10-01 09:17:04+02,77c4cc3c-ae11-43c4-85cc-5c147409b46f,1.309,1.459,1.439,1,1,1
53852,2019-10-01 09:19:04+02,77c4cc3c-ae11-43c4-85cc-5c147409b46f,1.249,1.399,1.379,1,1,1
63633,2019-10-01 10:00:04+02,77c4cc3c-ae11-43c4-85cc-5c147409b46f,1.309,1.459,1.439,1,1,1
84401,2019-10-01 11:05:05+02,77c4cc3c-ae11-43c4-85cc-5c147409b46f,1.299,1.449,1.429,1,1,1
92945,2019-10-01 11:24:04+02,77c4cc3c-ae11-43c4-85cc-5c147409b46f,1.269,1.419,1.399,1,1,1
97770,2019-10-01 11:38:04+02,77c4cc3c-ae11-43c4-85cc-5c147409b46f,1.259,1.409,1.389,1,1,1
107662,2019-10-01 12:16:04+02,77c4cc3c-ae11-43c4-85cc-5c147409b46f,1.249,1.399,1.379,1,1,1
116520,2019-10-01 13:00:04+02,77c4cc3c-ae11-43c4-85cc-5c147409b46f,1.309,1.459,1.439,1,1,1
139343,2019-10-01 14:09:04+02,77c4cc3c-ae11-43c4-85cc-5c147409b46f,1.289,1.429,1.409,1,1,1
149805,2019-10-01 14:41:05+02,77c4cc3c-ae11-43c4-85cc-5c147409b46f,1.249,1.399,1.379,1,1,1
167433,2019-10-01 16:00:04+02,77c4cc3c-ae11-43c4-85cc-5c147409b46f,1.289,1.439,1.419,1,1,1
189126,2019-10-01 17:07:04+02,77c4cc3c-ae11-43c4-85cc-5c147409b46f,1.259,1.409,1.389,1,1,1
200327,2019-10-01 17:38:04+02,77c4cc3c-ae11-43c4-85cc-5c147409b46f,1.249,1.399,1.379,1,1,1
205894,2019-10-01 18:01:04+02,77c4cc3c-ae11-43c4-85cc-5c147409b46f,1.249,1.379,1.359,0,1,1
216782,2019-10-01 19:00:04+02,77c4cc3c-ae11-43c4-85cc-5c147409b46f,1.289,1.419,1.399,1,1,1
229564,2019-10-01 19:56:04+02,77c4cc3c-ae11-43c4-85cc-5c147409b46f,1.279,1.419,1.399,1,0,0
231968,2019-10-01 20:20:04+02,77c4cc3c-ae11-43c4-85cc-5c147409b46f,1.259,1.399,1.379,1,1,1
238995,2019-10-01 22:00:04+02,77c4cc3c-ae11-43c4-85cc-5c147409b46f,1.319,1.459,1.439,1,1,1
1796,2019-10-02 05:00:04+02,77c4cc3c-ae11-43c4-85cc-5c147409b46f,1.379,1.529,1.509,1,1,1
25057,2019-10-02 07:39:04+02,77c4cc3c-ae11-43c4-85cc-5c147409b46f,1.329,1.469,1.449,1,1,1
46988,2019-10-02 08:47:04+02,77c4cc3c-ae11-43c4-85cc-5c147409b46f,1.269,1.419,1.399,1,1,1
54135,2019-10-02 09:15:05+02,77c4cc3c-ae11-43c4-85cc-5c147409b46f,1.249,1.399,1.379,1,1,1
65160,2019-10-02 10:00:07+02,77c4cc3c-ae11-43c4-85cc-5c147409b46f,1.309,1.459,1.439,1,1,1
88594,2019-10-02 11:09:05+02,77c4cc3c-ae11-43c4-85cc-5c147409b46f,1.299,1.449,1.429,1,1,1
95066,2019-10-02 11:23:05+02,77c4cc3c-ae11-43c4-85cc-5c147409b46f,1.269,1.419,1.399,1,1,1
100458,2019-10-02 11:38:04+02,77c4cc3c-ae11-43c4-85cc-5c147409b46f,1.259,1.419,1.399,1,0,0
102265,2019-10-02 11:44:04+02,77c4cc3c-ae11-43c4-85cc-5c147409b46f,1.259,1.409,1.389,0,1,1
105965,2019-10-02 11:57:04+02,77c4cc3c-ae11-43c4-85cc-5c147409b46f,1.259,1.399,1.379,0,1,1
110131,2019-10-02 12:14:03+02,77c4cc3c-ae11-43c4-85cc-5c147409b46f,1.249,1.389,1.369,1,1,1
119842,2019-10-02 13:00:04+02,77c4cc3c-ae11-43c4-85cc-5c147409b46f,1.309,1.449,1.429,1,1,1
142605,2019-10-02 14:11:05+02,77c4cc3c-ae11-43c4-85cc-5c147409b46f,1.289,1.429,1.409,1,1,1
151884,2019-10-02 14:38:04+02,77c4cc3c-ae11-43c4-85cc-5c147409b46f,1.249,1.389,1.369,1,1,1
173067,2019-10-02 16:00:04+02,77c4cc3c-ae11-43c4-85cc-5c147409b46f,1.289,1.429,1.409,1,1,1
193698,2019-10-02 17:07:05+02,77c4cc3c-ae11-43c4-85cc-5c147409b46f,1.259,1.399,1.379,1,1,1
203465,2019-10-02 17:36:04+02,77c4cc3c-ae11-43c4-85cc-5c147409b46f,1.259,1.389,1.369,0,1,1
205688,2019-10-02 17:45:05+02,77c4cc3c-ae11-43c4-85cc-5c147409b46f,1.249,1.379,1.359,1,1,1
219460,2019-10-02 19:00:04+02,77c4cc3c-ae11-43c4-85cc-5c147409b46f,1.289,1.419,1.399,1,1,1
230468,2019-10-02 19:41:05+02,77c4cc3c-ae11-43c4-85cc-5c147409b46f,1.269,1.409,1.389,1,1,1
234353,2019-10-02 20:21:04+02,77c4cc3c-ae11-43c4-85cc-5c147409b46f,1.229,1.369,1.349,1,1,1
243950,2019-10-02 22:00:08+02,77c4cc3c-ae11-43c4-85cc-5c147409b46f,1.289,1.429,1.409,1,1,1
3790,2019-10-03 05:00:04+02,77c4cc3c-ae11-43c4-85cc-5c147409b46f,1.379,1.529,1.509,1,1,1
28594,2019-10-03 07:54:04+02,77c4cc3c-ae11-43c4-85cc-5c147409b46f,1.339,1.479,1.459,1,1,1
30512,2019-10-03 08:00:04+02,77c4cc3c-ae11-43c4-85cc-5c147409b46f,1.309,1.449,1.429,1,1,1
50028,2019-10-03 09:25:04+02,77c4cc3c-ae11-43c4-85cc-5c147409b46f,1.239,1.379,1.359,1,1,1
61038,2019-10-03 10:02:04+02,77c4cc3c-ae11-43c4-85cc-5c147409b46f,1.299,1.439,1.419,1,1,1
80493,2019-10-03 11:07:04+02,77c4cc3c-ae11-43c4-85cc-5c147409b46f,1.249,1.389,1.369,1,1,1
101210,2019-10-03 12:13:04+02,77c4cc3c-ae11-43c4-85cc-5c147409b46f,1.239,1.379,1.359,1,1,1
110148,2019-10-03 13:00:04+02,77c4cc3c-ae11-43c4-85cc-5c147409b46f,1.299,1.439,1.419,1,1,1
132453,2019-10-03 14:08:04+02,77c4cc3c-ae11-43c4-85cc-5c147409b46f,1.239,1.379,1.359,1,1,1
162291,2019-10-03 16:00:04+02,77c4cc3c-ae11-43c4-85cc-5c147409b46f,1.279,1.419,1.399,1,1,1
180639,2019-10-03 17:08:03+02,77c4cc3c-ae11-43c4-85cc-5c147409b46f,1.239,1.379,1.359,1,1,1
205205,2019-10-03 19:00:04+02,77c4cc3c-ae11-43c4-85cc-5c147409b46f,1.279,1.419,1.399,1,1,1
219507,2019-10-03 20:21:05+02,77c4cc3c-ae11-43c4-85cc-5c147409b46f,1.239,1.379,1.359,1,1,1
227571,2019-10-03 22:00:04+02,77c4cc3c-ae11-43c4-85cc-5c147409b46f,1.299,1.439,1.419,1,1,1
2953,2019-10-04 05:01:05+02,77c4cc3c-ae11-43c4-85cc-5c147409b46f,1.379,1.529,1.509,1,1,1
30806,2019-10-04 07:54:03+02,77c4cc3c-ae11-43c4-85cc-5c147409b46f,1.349,1.489,1.469,1,1,1
40215,2019-10-04 08:27:04+02,77c4cc3c-ae11-43c4-85cc-5c147409b46f,1.329,1.479,1.459,1,1,1
46019,2019-10-04 08:52:04+02,77c4cc3c-ae11-43c4-85cc-5c147409b46f,1.309,1.449,1.429,1,1,1
53063,2019-10-04 09:24:04+02,77c4cc3c-ae11-43c4-85cc-5c147409b46f,1.249,1.379,1.359,1,1,1
62870,2019-10-04 10:01:05+02,77c4cc3c-ae11-43c4-85cc-5c147409b46f,1.309,1.439,1.419,1,1,1
84817,2019-10-04 11:08:04+02,77c4cc3c-ae11-43c4-85cc-5c147409b46f,1.279,1.409,1.389,1,1,1
95115,2019-10-04 11:37:04+02,77c4cc3c-ae11-43c4-85cc-5c147409b46f,1.259,1.389,1.369,1,1,1
105383,2019-10-04 12:15:05+02,77c4cc3c-ae11-43c4-85cc-5c147409b46f,1.249,1.379,1.359,1,1,1
116803,2019-10-04 13:01:04+02,77c4cc3c-ae11-43c4-85cc-5c147409b46f,1.309,1.439,1.419,1,1,1
138088,2019-10-04 14:09:05+02,77c4cc3c-ae11-43c4-85cc-5c147409b46f,1.289,1.419,1.399,1,1,1
147539,2019-10-04 14:36:05+02,77c4cc3c-ae11-43c4-85cc-5c147409b46f,1.249,1.379,1.359,1,1,1
169373,2019-10-04 16:01:05+02,77c4cc3c-ae11-43c4-85cc-5c147409b46f,1.289,1.419,1.399,1,1,1
189792,2019-10-04 17:08:03+02,77c4cc3c-ae11-43c4-85cc-5c147409b46f,1.259,1.399,1.379,1,1,1
202171,2019-10-04 17:48:05+02,77c4cc3c-ae11-43c4-85cc-5c147409b46f,1.249,1.399,1.379,1,0,0
208518,2019-10-04 18:19:05+02,77c4cc3c-ae11-43c4-85cc-5c147409b46f,1.249,1.379,1.359,0,1,1
219142,2019-10-04 19:01:05+02,77c4cc3c-ae11-43c4-85cc-5c147409b46f,1.289,1.419,1.399,1,1,1
232431,2019-10-04 20:23:04+02,77c4cc3c-ae11-43c4-85cc-5c147409b46f,1.249,1.379,1.359,1,1,1
241789,2019-10-04 22:01:05+02,77c4cc3c-ae11-43c4-85cc-5c147409b46f,1.309,1.439,1.419,1,1,1
3534,2019-10-05 05:01:04+02,77c4cc3c-ae11-43c4-85cc-5c147409b46f,1.379,1.539,1.519,1,1,1
28635,2019-10-05 07:56:04+02,77c4cc3c-ae11-43c4-85cc-5c147409b46f,1.359,1.489,1.469,1,1,1
45888,2019-10-05 09:01:04+02,77c4cc3c-ae11-43c4-85cc-5c147409b46f,1.329,1.489,1.469,1,0,0
50755,2019-10-05 09:21:05+02,77c4cc3c-ae11-43c4-85cc-5c147409b46f,1.269,1.429,1.409,1,1,1
52707,2019-10-05 09:26:03+02,77c4cc3c-ae11-43c4-85cc-5c147409b46f,1.249,1.379,1.359,1,1,1
61716,2019-10-05 10:01:04+02,77c4cc3c-ae11-43c4-85cc-5c147409b46f,1.309,1.439,1.419,1,1,1
81416,2019-10-05 11:04:04+02,77c4cc3c-ae11-43c4-85cc-5c147409b46f,1.299,1.429,1.409,1,1,1
96966,2019-10-05 11:53:04+02,77c4cc3c-ae11-43c4-85cc-5c147409b46f,1.269,1.419,1.399,1,1,1
103929,2019-10-05 12:21:04+02,77c4cc3c-ae11-43c4-85cc-5c147409b46f,1.249,1.379,1.359,1,1,1
115040,2019-10-05 13:01:04+02,77c4cc3c-ae11-43c4-85cc-5c147409b46f,1.309,1.439,1.419,1,1,1
133857,2019-10-05 14:08:03+02,77c4cc3c-ae11-43c4-85cc-5c147409b46f,1.259,1.399,1.379,1,1,1
146177,2019-10-05 14:46:03+02,77c4cc3c-ae11-43c4-85cc-5c147409b46f,1.249,1.399,1.379,1,0,0
154434,2019-10-05 15:22:04+02,77c4cc3c-ae11-43c4-85cc-5c147409b46f,1.249,1.379,1.359,0,1,1
162288,2019-10-05 16:00:04+02,77c4cc3c-ae11-43c4-85cc-5c147409b46f,1.289,1.419,1.399,1,1,1
183052,2019-10-05 17:05:05+02,77c4cc3c-ae11-43c4-85cc-5c147409b46f,1.259,1.399,1.379,1,1,1
195297,2019-10-05 17:45:05+02,77c4cc3c-ae11-43c4-85cc-5c147409b46f,1.249,1.399,1.379,1,0,0
202973,2019-10-05 18:17:05+02,77c4cc3c-ae11-43c4-85cc-5c147409b46f,1.249,1.379,1.359,0,1,1
211160,2019-10-05 19:00:04+02,77c4cc3c-ae11-43c4-85cc-5c147409b46f,1.289,1.419,1.399,1,1,1
222772,2019-10-05 19:50:03+02,77c4cc3c-ae11-43c4-85cc-5c147409b46f,1.279,1.419,1.399,1,0,0
227031,2019-10-05 20:24:03+02,77c4cc3c-ae11-43c4-85cc-5c147409b46f,1.239,1.379,1.359,1,1,1
235469,2019-10-05 22:00:14+02,77c4cc3c-ae11-43c4-85cc-5c147409b46f,1.299,1.439,1.419,1,1,1
4697,2019-10-06 05:16:04+02,77c4cc3c-ae11-43c4-85cc-5c147409b46f,1.379,1.539,1.519,1,1,1
25675,2019-10-06 07:53:04+02,77c4cc3c-ae11-43c4-85cc-5c147409b46f,1.349,1.489,1.469,1,1,1
31874,2019-10-06 08:15:05+02,77c4cc3c-ae11-43c4-85cc-5c147409b46f,1.319,1.459,1.439,1,1,1
49516,2019-10-06 09:23:04+02,77c4cc3c-ae11-43c4-85cc-5c147409b46f,1.299,1.439,1.419,1,1,1
50426,2019-10-06 09:25:09+02,77c4cc3c-ae11-43c4-85cc-5c147409b46f,1.249,1.399,1.379,1,1,1
59446,2019-10-06 10:00:04+02,77c4cc3c-ae11-43c4-85cc-5c147409b46f,1.309,1.459,1.439,1,1,1
61668,2019-10-06 10:03:04+02,77c4cc3c-ae11-43c4-85cc-5c147409b46f,1.309,1.439,1.419,0,1,1
80920,2019-10-06 11:08:03+02,77c4cc3c-ae11-43c4-85cc-5c147409b46f,1.269,1.419,1.399,1,1,1
100234,2019-10-06 12:17:04+02,77c4cc3c-ae11-43c4-85cc-5c147409b46f,1.249,1.379,1.359,1,1,1
109011,2019-10-06 13:00:04+02,77c4cc3c-ae11-43c4-85cc-5c147409b46f,1.309,1.439,1.419,1,1,1
130739,2019-10-06 14:08:03+02,77c4cc3c-ae11-43c4-85cc-5c147409b46f,1.249,1.399,1.379,1,1,1
150288,2019-10-06 15:18:03+02,77c4cc3c-ae11-43c4-85cc-5c147409b46f,1.249,1.379,1.359,0,1,1
160672,2019-10-06 16:00:04+02,77c4cc3c-ae11-43c4-85cc-5c147409b46f,1.289,1.419,1.399,1,1,1
180660,2019-10-06 17:06:04+02,77c4cc3c-ae11-43c4-85cc-5c147409b46f,1.249,1.399,1.379,1,1,1
199983,2019-10-06 18:19:05+02,77c4cc3c-ae11-43c4-85cc-5c147409b46f,1.249,1.379,1.359,0,1,1
208648,2019-10-06 19:00:04+02,77c4cc3c-ae11-43c4-85cc-5c147409b46f,1.289,1.419,1.399,1,1,1
214284,2019-10-06 19:18:04+02,77c4cc3c-ae11-43c4-85cc-5c147409b46f,1.279,1.409,1.389,1,1,1
223226,2019-10-06 20:20:03+02,77c4cc3c-ae11-43c4-85cc-5c147409b46f,1.239,1.369,1.349,1,1,1
231083,2019-10-06 22:00:04+02,77c4cc3c-ae11-43c4-85cc-5c147409b46f,1.299,1.429,1.409,1,1,1
1879,2019-10-07 05:00:04+02,77c4cc3c-ae11-43c4-85cc-5c147409b46f,1.379,1.539,1.519,1,1,1
31467,2019-10-07 07:53:05+02,77c4cc3c-ae11-43c4-85cc-5c147409b46f,1.349,1.479,1.459,1,1,1
40882,2019-10-07 08:25:05+02,77c4cc3c-ae11-43c4-85cc-5c147409b46f,1.329,1.479,1.459,1,0,0
47182,2019-10-07 08:52:04+02,77c4cc3c-ae11-43c4-85cc-5c147409b46f,1.309,1.469,1.449,1,1,1
54280,2019-10-07 09:21:05+02,77c4cc3c-ae11-43c4-85cc-5c147409b46f,1.249,1.379,1.359,1,1,1
66045,2019-10-07 10:00:04+02,77c4cc3c-ae11-43c4-85cc-5c147409b46f,1.309,1.439,1.419,1,1,1
86989,2019-10-07 11:05:05+02,77c4cc3c-ae11-43c4-85cc-5c147409b46f,1.279,1.419,1.399,1,1,1
90290,2019-10-07 11:15:05+02,77c4cc3c-ae11-43c4-85cc-5c147409b46f,1.269,1.419,1.399,1,0,0
107759,2019-10-07 12:18:03+02,77c4cc3c-ae11-43c4-85cc-5c147409b46f,1.249,1.379,1.359,1,1,1
118753,2019-10-07 13:00:04+02,77c4cc3c-ae11-43c4-85cc-5c147409b46f,1.309,1.439,1.419,1,1,1
125325,2019-10-07 13:19:04+02,77c4cc3c-ae11-43c4-85cc-5c147409b46f,1.299,1.429,1.409,1,1,1
139312,2019-10-07 14:08:04+02,77c4cc3c-ae11-43c4-85cc-5c147409b46f,1.279,1.409,1.389,1,1,1
149551,2019-10-07 14:38:04+02,77c4cc3c-ae11-43c4-85cc-5c147409b46f,1.259,1.409,1.389,1,0,0
160086,2019-10-07 15:21:07+02,77c4cc3c-ae11-43c4-85cc-5c147409b46f,1.239,1.369,1.349,1,1,1
170587,2019-10-07 16:01:13+02,77c4cc3c-ae11-43c4-85cc-5c147409b46f,1.279,1.409,1.389,1,1,1
200633,2019-10-07 17:38:04+02,77c4cc3c-ae11-43c4-85cc-5c147409b46f,1.259,1.409,1.389,1,0,0
209735,2019-10-07 18:18:04+02,77c4cc3c-ae11-43c4-85cc-5c147409b46f,1.239,1.369,1.349,1,1,1
217485,2019-10-07 19:00:04+02,77c4cc3c-ae11-43c4-85cc-5c147409b46f,1.279,1.409,1.389,1,1,1
234089,2019-10-07 20:21:04+02,77c4cc3c-ae11-43c4-85cc-5c147409b46f,1.239,1.369,1.349,1,1,1
241968,2019-10-07 22:00:04+02,77c4cc3c-ae11-43c4-85cc-5c147409b46f,1.299,1.429,1.409,1,1,1
3315,2019-10-08 05:00:04+02,77c4cc3c-ae11-43c4-85cc-5c147409b46f,1.379,1.539,1.519,1,1,1
31117,2019-10-08 07:52:04+02,77c4cc3c-ae11-43c4-85cc-5c147409b46f,1.349,1.479,1.459,1,1,1
35925,2019-10-08 08:09:04+02,77c4cc3c-ae11-43c4-85cc-5c147409b46f,1.319,1.479,1.459,1,0,0
42251,2019-10-08 08:33:03+02,77c4cc3c-ae11-43c4-85cc-5c147409b46f,1.289,1.449,1.429,1,1,1
53322,2019-10-08 09:22:04+02,77c4cc3c-ae11-43c4-85cc-5c147409b46f,1.239,1.369,1.349,1,1,1
57840,2019-10-08 09:37:04+02,77c4cc3c-ae11-43c4-85cc-5c147409b46f,1.229,1.359,1.339,1,1,1
63570,2019-10-08 10:00:04+02,77c4cc3c-ae11-43c4-85cc-5c147409b46f,1.289,1.419,1.399,1,1,1
84438,2019-10-08 11:04:04+02,77c4cc3c-ae11-43c4-85cc-5c147409b46f,1.269,1.419,1.399,1,0,0
105519,2019-10-08 12:20:03+02,77c4cc3c-ae11-43c4-85cc-5c147409b46f,1.229,1.359,1.339,1,1,1
115540,2019-10-08 13:00:04+02,77c4cc3c-ae11-43c4-85cc-5c147409b46f,1.289,1.439,1.419,1,1,1
137140,2019-10-08 14:09:04+02,77c4cc3c-ae11-43c4-85cc-5c147409b46f,1.269,1.409,1.389,1,1,1
147227,2019-10-08 14:40:04+02,77c4cc3c-ae11-43c4-85cc-5c147409b46f,1.259,1.409,1.389,1,0,0
157106,2019-10-08 15:20:06+02,77c4cc3c-ae11-43c4-85cc-5c147409b46f,1.229,1.359,1.339,1,1,1
165732,2019-10-08 15:56:05+02,77c4cc3c-ae11-43c4-85cc-5c147409b46f,1.269,1.399,1.379,1,1,1
188430,2019-10-08 17:07:04+02,77c4cc3c-ae11-43c4-85cc-5c147409b46f,1.259,1.399,1.379,1,0,0
207584,2019-10-08 18:21:04+02,77c4cc3c-ae11-43c4-85cc-5c147409b46f,1.229,1.349,1.329,1,1,1
217860,2019-10-08 19:01:04+02,77c4cc3c-ae11-43c4-85cc-5c147409b46f,1.269,1.389,1.369,1,1,1
231384,2019-10-08 20:20:04+02,77c4cc3c-ae11-43c4-85cc-5c147409b46f,1.249,1.369,1.349,1,1,1
241592,2019-10-08 22:01:04+02,77c4cc3c-ae11-43c4-85cc-5c147409b46f,1.309,1.429,1.409,1,1,1
3756,2019-10-09 05:01:04+02,77c4cc3c-ae11-43c4-85cc-5c147409b46f,1.369,1.529,1.509,1,1,1
29971,2019-10-09 07:51:04+02,77c4cc3c-ae11-43c4-85cc-5c147409b46f,1.349,1.469,1.449,1,1,1
32735,2019-10-09 07:58:03+02,77c4cc3c-ae11-43c4-85cc-5c147409b46f,1.329,1.469,1.449,1,0,0
54681,2019-10-09 09:23:04+02,77c4cc3c-ae11-43c4-85cc-5c147409b46f,1.289,1.439,1.419,1,1,1
57443,2019-10-09 09:32:04+02,77c4cc3c-ae11-43c4-85cc-5c147409b46f,1.279,1.429,1.409,1,1,1
66816,2019-10-09 10:01:04+02,77c4cc3c-ae11-43c4-85cc-5c147409b46f,1.339,1.489,1.469,1,1,1
67130,2019-10-09 10:02:03+02,77c4cc3c-ae11-43c4-85cc-5c147409b46f,1.319,1.469,1.449,1,1,1
86696,2019-10-09 11:07:05+02,77c4cc3c-ae11-43c4-85cc-5c147409b46f,1.309,1.459,1.439,1,1,1
92151,2019-10-09 11:25:04+02,77c4cc3c-ae11-43c4-85cc-5c147409b46f,1.269,1.419,1.399,1,1,1
107103,2019-10-09 12:23:03+02,77c4cc3c-ae11-43c4-85cc-5c147409b46f,1.229,1.359,1.339,1,1,1
117013,2019-10-09 13:01:04+02,77c4cc3c-ae11-43c4-85cc-5c147409b46f,1.289,1.429,1.409,1,1,1
137442,2019-10-09 14:08:04+02,77c4cc3c-ae11-43c4-85cc-5c147409b46f,1.269,1.409,1.389,1,1,1
149208,2019-10-09 14:41:04+02,77c4cc3c-ae11-43c4-85cc-5c147409b46f,1.249,1.409,1.389,1,0,0
159832,2019-10-09 15:22:04+02,77c4cc3c-ae11-43c4-85cc-5c147409b46f,1.229,1.349,1.329,1,1,1
169135,2019-10-09 16:01:04+02,77c4cc3c-ae11-43c4-85cc-5c147409b46f,1.269,1.389,1.369,1,1,1
190452,2019-10-09 17:08:04+02,77c4cc3c-ae11-43c4-85cc-5c147409b46f,1.249,1.389,1.369,1,0,0
209690,2019-10-09 18:22:03+02,77c4cc3c-ae11-43c4-85cc-5c147409b46f,1.229,1.349,1.329,1,1,1
216774,2019-10-09 19:01:04+02,77c4cc3c-ae11-43c4-85cc-5c147409b46f,1.269,1.389,1.369,1,1,1
233682,2019-10-09 20:19:03+02,77c4cc3c-ae11-43c4-85cc-5c147409b46f,1.229,1.349,1.329,1,1,1
243619,2019-10-09 22:01:09+02,77c4cc3c-ae11-43c4-85cc-5c147409b46f,1.289,1.409,1.389,1,1,1
3921,2019-10-10 05:01:04+02,77c4cc3c-ae11-43c4-85cc-5c147409b46f,1.379,1.529,1.509,1,1,1
25731,2019-10-10 07:40:04+02,77c4cc3c-ae11-43c4-85cc-5c147409b46f,1.329,1.449,1.429,1,1,1
31445,2019-10-10 07:55:04+02,77c4cc3c-ae11-43c4-85cc-5c147409b46f,1.319,1.449,1.429,1,0,0
44956,2019-10-10 08:47:04+02,77c4cc3c-ae11-43c4-85cc-5c147409b46f,1.299,1.449,1.429,1,0,0
52879,2019-10-10 09:19:04+02,77c4cc3c-ae11-43c4-85cc-5c147409b46f,1.279,1.429,1.409,1,1,1
56978,2019-10-10 09:32:04+02,77c4cc3c-ae11-43c4-85cc-5c147409b46f,1.269,1.429,1.409,1,0,0
67192,2019-10-10 10:01:04+02,77c4cc3c-ae11-43c4-85cc-5c147409b46f,1.329,1.489,1.469,1,1,1
72686,2019-10-10 10:20:04+02,77c4cc3c-ae11-43c4-85cc-5c147409b46f,1.289,1.419,1.399,1,1,1
87232,2019-10-10 11:07:04+02,77c4cc3c-ae11-43c4-85cc-5c147409b46f,1.279,1.419,1.399,1,0,0
92544,2019-10-10 11:23:04+02,77c4cc3c-ae11-43c4-85cc-5c147409b46f,1.259,1.419,1.399,1,0,0
107862,2019-10-10 12:18:04+02,77c4cc3c-ae11-43c4-85cc-5c147409b46f,1.229,1.359,1.339,1,1,1
119136,2019-10-10 13:00:06+02,77c4cc3c-ae11-43c4-85cc-5c147409b46f,1.289,1.429,1.409,1,1,1
139393,2019-10-10 14:05:04+02,77c4cc3c-ae11-43c4-85cc-5c147409b46f,1.259,1.409,1.389,1,1,1
160997,2019-10-10 15:21:04+02,77c4cc3c-ae11-43c4-85cc-5c147409b46f,1.229,1.349,1.329,1,1,1
171146,2019-10-10 16:00:04+02,77c4cc3c-ae11-43c4-85cc-5c147409b46f,1.269,1.389,1.369,1,1,1
192617,2019-10-10 17:08:04+02,77c4cc3c-ae11-43c4-85cc-5c147409b46f,1.249,1.389,1.369,1,0,0
213271,2019-10-10 18:22:04+02,77c4cc3c-ae11-43c4-85cc-5c147409b46f,1.229,1.349,1.329,1,1,1
220858,2019-10-10 19:00:04+02,77c4cc3c-ae11-43c4-85cc-5c147409b46f,1.269,1.389,1.369,1,1,1
230981,2019-10-10 19:31:04+02,77c4cc3c-ae11-43c4-85cc-5c147409b46f,1.259,1.379,1.359,1,1,1
236869,2019-10-10 20:02:03+02,77c4cc3c-ae11-43c4-85cc-5c147409b46f,1.219,1.349,1.329,1,1,1
246853,2019-10-10 22:00:04+02,77c4cc3c-ae11-43c4-85cc-5c147409b46f,1.279,1.409,1.389,1,1,1
745,2019-10-11 05:00:05+02,77c4cc3c-ae11-43c4-85cc-5c147409b46f,1.369,1.529,1.509,1,1,1
31734,2019-10-11 07:55:04+02,77c4cc3c-ae11-43c4-85cc-5c147409b46f,1.339,1.469,1.449,1,1,1
32943,2019-10-11 07:58:04+02,77c4cc3c-ae11-43c4-85cc-5c147409b46f,1.319,1.469,1.449,1,0,0
42667,2019-10-11 08:32:04+02,77c4cc3c-ae11-43c4-85cc-5c147409b46f,1.319,1.459,1.439,0,1,1
47456,2019-10-11 08:51:04+02,77c4cc3c-ae11-43c4-85cc-5c147409b46f,1.309,1.439,1.419,1,1,1
49767,2019-10-11 09:01:04+02,77c4cc3c-ae11-43c4-85cc-5c147409b46f,1.299,1.439,1.419,1,0,0
54511,2019-10-11 09:20:09+02,77c4cc3c-ae11-43c4-85cc-5c147409b46f,1.279,1.419,1.399,1,1,1
54917,2019-10-11 09:21:04+02,77c4cc3c-ae11-43c4-85cc-5c147409b46f,1.269,1.409,1.389,1,1,1
66993,2019-10-11 10:01:05+02,77c4cc3c-ae11-43c4-85cc-5c147409b46f,1.329,1.469,1.449,1,1,1
88884,2019-10-11 11:10:04+02,77c4cc3c-ae11-43c4-85cc-5c147409b46f,1.299,1.429,1.409,1,1,1
94963,2019-10-11 11:27:04+02,77c4cc3c-ae11-43c4-85cc-5c147409b46f,1.279,1.409,1.389,1,1,1
103671,2019-10-11 11:59:04+02,77c4cc3c-ae11-43c4-85cc-5c147409b46f,1.259,1.399,1.379,1,1,1
108958,2019-10-11 12:25:03+02,77c4cc3c-ae11-43c4-85cc-5c147409b46f,1.249,1.379,1.359,1,1,1
117533,2019-10-11 13:00:05+02,77c4cc3c-ae11-43c4-85cc-5c147409b46f,1.309,1.439,1.419,1,1,1
137970,2019-10-11 14:05:03+02,77c4cc3c-ae11-43c4-85cc-5c147409b46f,1.289,1.419,1.399,1,1,1
144528,2019-10-11 14:22:04+02,77c4cc3c-ae11-43c4-85cc-5c147409b46f,1.269,1.399,1.379,1,1,1
159447,2019-10-11 15:20:05+02,77c4cc3c-ae11-43c4-85cc-5c147409b46f,1.219,1.349,1.329,1,1,1
167226,2019-10-11 16:00:04+02,77c4cc3c-ae11-43c4-85cc-5c147409b46f,1.259,1.389,1.369,1,1,1
208520,2019-10-11 18:24:04+02,77c4cc3c-ae11-43c4-85cc-5c147409b46f,1.219,1.349,1.329,1,1,1
216759,2019-10-11 19:00:04+02,77c4cc3c-ae11-43c4-85cc-5c147409b46f,1.259,1.389,1.369,1,1,1
229198,2019-10-11 19:54:04+02,77c4cc3c-ae11-43c4-85cc-5c147409b46f,1.219,1.349,1.329,1,1,1
238431,2019-10-11 22:00:04+02,77c4cc3c-ae11-43c4-85cc-5c147409b46f,1.279,1.409,1.389,1,1,1
5846,2019-10-12 05:22:06+02,77c4cc3c-ae11-43c4-85cc-5c147409b46f,1.389,1.549,1.529,1,1,1
31476,2019-10-12 08:08:04+02,77c4cc3c-ae11-43c4-85cc-5c147409b46f,1.339,1.469,1.449,1,1,1
33100,2019-10-12 08:11:04+02,77c4cc3c-ae11-43c4-85cc-5c147409b46f,1.299,1.429,1.409,1,1,1
51888,2019-10-12 09:25:04+02,77c4cc3c-ae11-43c4-85cc-5c147409b46f,1.239,1.369,1.349,1,1,1
79285,2019-10-12 11:01:04+02,77c4cc3c-ae11-43c4-85cc-5c147409b46f,1.299,1.429,1.409,1,1,1
86770,2019-10-12 11:17:04+02,77c4cc3c-ae11-43c4-85cc-5c147409b46f,1.279,1.419,1.399,1,1,1
102190,2019-10-12 12:21:04+02,77c4cc3c-ae11-43c4-85cc-5c147409b46f,1.219,1.349,1.329,1,1,1
109199,2019-10-12 13:00:04+02,77c4cc3c-ae11-43c4-85cc-5c147409b46f,1.299,1.439,1.419,1,1,1
131332,2019-10-12 14:08:04+02,77c4cc3c-ae11-43c4-85cc-5c147409b46f,1.279,1.419,1.399,1,1,1
149002,2019-10-12 15:25:04+02,77c4cc3c-ae11-43c4-85cc-5c147409b46f,1.219,1.349,1.329,1,1,1
156821,2019-10-12 16:01:04+02,77c4cc3c-ae11-43c4-85cc-5c147409b46f,1.259,1.389,1.369,1,1,1
193501,2019-10-12 18:23:04+02,77c4cc3c-ae11-43c4-85cc-5c147409b46f,1.219,1.349,1.329,1,1,1
200032,2019-10-12 19:01:04+02,77c4cc3c-ae11-43c4-85cc-5c147409b46f,1.259,1.389,1.369,1,1,1
209737,2019-10-12 19:52:04+02,77c4cc3c-ae11-43c4-85cc-5c147409b46f,1.219,1.349,1.329,1,1,1
220541,2019-10-12 22:01:04+02,77c4cc3c-ae11-43c4-85cc-5c147409b46f,1.279,1.409,1.389,1,1,1
5606,2019-10-13 05:18:04+02,77c4cc3c-ae11-43c4-85cc-5c147409b46f,1.389,1.549,1.529,1,1,1
26324,2019-10-13 07:56:03+02,77c4cc3c-ae11-43c4-85cc-5c147409b46f,1.339,1.469,1.449,1,1,1
31732,2019-10-13 08:16:03+02,77c4cc3c-ae11-43c4-85cc-5c147409b46f,1.329,1.469,1.449,1,0,0
48581,2019-10-13 09:25:04+02,77c4cc3c-ae11-43c4-85cc-5c147409b46f,1.299,1.439,1.419,1,1,1
50045,2019-10-13 09:29:04+02,77c4cc3c-ae11-43c4-85cc-5c147409b46f,1.279,1.429,1.409,1,1,1
52763,2019-10-13 09:41:04+02,77c4cc3c-ae11-43c4-85cc-5c147409b46f,1.269,1.429,1.409,1,0,0
58766,2019-10-13 10:01:04+02,77c4cc3c-ae11-43c4-85cc-5c147409b46f,1.329,1.489,1.469,1,1,1
66601,2019-10-13 10:21:04+02,77c4cc3c-ae11-43c4-85cc-5c147409b46f,1.329,1.429,1.409,0,1,1
78999,2019-10-13 11:06:04+02,77c4cc3c-ae11-43c4-85cc-5c147409b46f,1.279,1.419,1.399,1,1,1
97208,2019-10-13 12:22:04+02,77c4cc3c-ae11-43c4-85cc-5c147409b46f,1.219,1.359,1.339,1,1,1
105976,2019-10-13 13:01:04+02,77c4cc3c-ae11-43c4-85cc-5c147409b46f,1.299,1.439,1.419,1,1,1
126091,2019-10-13 14:08:03+02,77c4cc3c-ae11-43c4-85cc-5c147409b46f,1.279,1.419,1.399,1,1,1
145827,2019-10-13 15:23:04+02,77c4cc3c-ae11-43c4-85cc-5c147409b46f,1.219,1.349,1.329,1,1,1
154118,2019-10-13 16:01:04+02,77c4cc3c-ae11-43c4-85cc-5c147409b46f,1.259,1.389,1.369,1,1,1
190458,2019-10-13 18:22:03+02,77c4cc3c-ae11-43c4-85cc-5c147409b46f,1.219,1.349,1.329,1,1,1
198272,2019-10-13 19:01:03+02,77c4cc3c-ae11-43c4-85cc-5c147409b46f,1.259,1.389,1.369,1,1,1
209853,2019-10-13 19:52:04+02,77c4cc3c-ae11-43c4-85cc-5c147409b46f,1.219,1.349,1.329,1,1,1
221092,2019-10-13 22:01:04+02,77c4cc3c-ae11-43c4-85cc-5c147409b46f,1.279,1.409,1.389,1,1,1
3942,2019-10-14 05:01:03+02,77c4cc3c-ae11-43c4-85cc-5c147409b46f,1.389,1.549,1.529,1,1,1
31862,2019-10-14 07:56:04+02,77c4cc3c-ae11-43c4-85cc-5c147409b46f,1.339,1.469,1.449,1,1,1
33291,2019-10-14 08:00:04+02,77c4cc3c-ae11-43c4-85cc-5c147409b46f,1.319,1.459,1.439,1,1,1
46597,2019-10-14 08:50:04+02,77c4cc3c-ae11-43c4-85cc-5c147409b46f,1.319,1.439,1.419,0,1,1
55071,2019-10-14 09:25:04+02,77c4cc3c-ae11-43c4-85cc-5c147409b46f,1.299,1.419,1.399,1,1,1
64510,2019-10-14 10:00:04+02,77c4cc3c-ae11-43c4-85cc-5c147409b46f,1.359,1.479,1.459,1,1,1
72681,2019-10-14 10:21:04+02,77c4cc3c-ae11-43c4-85cc-5c147409b46f,1.319,1.459,1.439,1,1,1
87138,2019-10-14 11:09:04+02,77c4cc3c-ae11-43c4-85cc-5c147409b46f,1.309,1.449,1.429,1,1,1
97837,2019-10-14 11:39:03+02,77c4cc3c-ae11-43c4-85cc-5c147409b46f,1.279,1.419,1.399,1,1,1
100279,2019-10-14 11:49:04+02,77c4cc3c-ae11-43c4-85cc-5c147409b46f,1.269,1.409,1.389,1,1,1
106494,2019-10-14 12:19:03+02,77c4cc3c-ae11-43c4-85cc-5c147409b46f,1.259,1.399,1.379,1,1,1
108472,2019-10-14 12:23:03+02,77c4cc3c-ae11-43c4-85cc-5c147409b46f,1.239,1.379,1.359,1,1,1
117929,2019-10-14 13:01:04+02,77c4cc3c-ae11-43c4-85cc-5c147409b46f,1.299,1.439,1.419,1,1,1
119577,2019-10-14 13:02:04+02,77c4cc3c-ae11-43c4-85cc-5c147409b46f,1.289,1.429,1.409,1,1,1
139792,2019-10-14 14:09:04+02,77c4cc3c-ae11-43c4-85cc-5c147409b46f,1.269,1.409,1.389,1,1,1
141243,2019-10-14 14:12:04+02,77c4cc3c-ae11-43c4-85cc-5c147409b46f,1.269,1.399,1.379,0,1,1
160220,2019-10-14 15:21:13+02,77c4cc3c-ae11-43c4-85cc-5c147409b46f,1.239,1.369,1.349,1,1,1
168914,2019-10-14 16:00:04+02,77c4cc3c-ae11-43c4-85cc-5c147409b46f,1.279,1.409,1.389,1,1,1
191633,2019-10-14 17:07:03+02,77c4cc3c-ae11-43c4-85cc-5c147409b46f,1.269,1.409,1.389,1,0,0
192372,2019-10-14 17:08:04+02,77c4cc3c-ae11-43c4-85cc-5c147409b46f,1.269,1.399,1.379,0,1,1
194477,2019-10-14 17:14:04+02,77c4cc3c-ae11-43c4-85cc-5c147409b46f,1.259,1.399,1.379,1,0,0
211357,2019-10-14 18:21:03+02,77c4cc3c-ae11-43c4-85cc-5c147409b46f,1.239,1.359,1.339,1,1,1
218996,2019-10-14 19:00:04+02,77c4cc3c-ae11-43c4-85cc-5c147409b46f,1.279,1.399,1.379,1,1,1
233021,2019-10-14 19:51:04+02,77c4cc3c-ae11-43c4-85cc-5c147409b46f,1.239,1.359,1.339,1,1,1
234221,2019-10-14 19:54:04+02,77c4cc3c-ae11-43c4-85cc-5c147409b46f,1.229,1.359,1.339,1,0,0
246352,2019-10-14 22:00:05+02,77c4cc3c-ae11-43c4-85cc-5c147409b46f,1.289,1.419,1.399,1,1,1
1014,2019-10-15 05:00:04+02,77c4cc3c-ae11-43c4-85cc-5c147409b46f,1.379,1.539,1.519,1,1,1
31126,2019-10-15 07:54:04+02,77c4cc3c-ae11-43c4-85cc-5c147409b46f,1.349,1.479,1.459,1,1,1
32640,2019-10-15 07:58:03+02,77c4cc3c-ae11-43c4-85cc-5c147409b46f,1.319,1.449,1.429,1,1,1
50938,2019-10-15 09:07:04+02,77c4cc3c-ae11-43c4-85cc-5c147409b46f,1.299,1.449,1.429,1,0,0
54479,2019-10-15 09:21:04+02,77c4cc3c-ae11-43c4-85cc-5c147409b46f,1.299,1.429,1.409,0,1,1
55201,2019-10-15 09:22:04+02,77c4cc3c-ae11-43c4-85cc-5c147409b46f,1.279,1.429,1.409,1,0,0
66917,2019-10-15 10:00:04+02,77c4cc3c-ae11-43c4-85cc-5c147409b46f,1.339,1.489,1.469,1,1,1
73296,2019-10-15 10:19:04+02,77c4cc3c-ae11-43c4-85cc-5c147409b46f,1.339,1.479,1.459,0,1,1
87679,2019-10-15 11:05:04+02,77c4cc3c-ae11-43c4-85cc-5c147409b46f,1.309,1.439,1.419,1,1,1
95458,2019-10-15 11:24:04+02,77c4cc3c-ae11-43c4-85cc-5c147409b46f,1.289,1.439,1.419,1,0,0
100549,2019-10-15 11:40:04+02,77c4cc3c-ae11-43c4-85cc-5c147409b46f,1.279,1.419,1.399,1,1,1
109473,2019-10-15 12:19:03+02,77c4cc3c-ae11-43c4-85cc-5c147409b46f,1.269,1.409,1.389,1,1,1
118463,2019-10-15 13:00:04+02,77c4cc3c-ae11-43c4-85cc-5c147409b46f,1.329,1.469,1.449,1,1,1
121637,2019-10-15 13:01:04+02,77c4cc3c-ae11-43c4-85cc-5c147409b46f,1.299,1.429,1.409,1,1,1
128171,2019-10-15 13:22:03+02,77c4cc3c-ae11-43c4-85cc-5c147409b46f,1.289,1.429,1.409,1,0,0
142417,2019-10-15 14:09:05+02,77c4cc3c-ae11-43c4-85cc-5c147409b46f,1.269,1.409,1.389,1,1,1
145940,2019-10-15 14:18:12+02,77c4cc3c-ae11-43c4-85cc-5c147409b46f,1.259,1.389,1.369,1,1,1
161075,2019-10-15 15:20:04+02,77c4cc3c-ae11-43c4-85cc-5c147409b46f,1.229,1.369,1.349,1,1,1
169518,2019-10-15 16:00:04+02,77c4cc3c-ae11-43c4-85cc-5c147409b46f,1.269,1.409,1.389,1,1,1
192097,2019-10-15 17:09:03+02,77c4cc3c-ae11-43c4-85cc-5c147409b46f,1.249,1.389,1.369,1,1,1
210915,2019-10-15 18:22:04+02,77c4cc3c-ae11-43c4-85cc-5c147409b46f,1.219,1.369,1.349,1,1,1
217534,2019-10-15 19:00:04+02,77c4cc3c-ae11-43c4-85cc-5c147409b46f,1.259,1.409,1.389,1,1,1
230915,2019-10-15 19:51:04+02,77c4cc3c-ae11-43c4-85cc-5c147409b46f,1.219,1.369,1.349,1,1,1
243094,2019-10-15 22:00:04+02,77c4cc3c-ae11-43c4-85cc-5c147409b46f,1.279,1.429,1.409,1,1,1
3071,2019-10-16 05:03:04+02,77c4cc3c-ae11-43c4-85cc-5c147409b46f,1.379,1.539,1.519,1,1,1
31303,2019-10-16 07:55:04+02,77c4cc3c-ae11-43c4-85cc-5c147409b46f,1.339,1.479,1.459,1,1,1
31868,2019-10-16 07:56:03+02,77c4cc3c-ae11-43c4-85cc-5c147409b46f,1.329,1.459,1.439,1,1,1
44491,2019-10-16 08:39:04+02,77c4cc3c-ae11-43c4-85cc-5c147409b46f,1.319,1.449,1.429,1,1,1
48034,2019-10-16 08:52:04+02,77c4cc3c-ae11-43c4-85cc-5c147409b46f,1.309,1.449,1.429,1,0,0
54942,2019-10-16 09:20:04+02,77c4cc3c-ae11-43c4-85cc-5c147409b46f,1.269,1.409,1.389,1,1,1
64905,2019-10-16 10:00:04+02,77c4cc3c-ae11-43c4-85cc-5c147409b46f,1.329,1.469,1.449,1,1,1
86557,2019-10-16 11:03:04+02,77c4cc3c-ae11-43c4-85cc-5c147409b46f,1.309,1.439,1.419,1,1,1
88651,2019-10-16 11:07:04+02,77c4cc3c-ae11-43c4-85cc-5c147409b46f,1.259,1.399,1.379,1,1,1
110221,2019-10-16 12:19:04+02,77c4cc3c-ae11-43c4-85cc-5c147409b46f,1.219,1.379,1.359,1,1,1
111122,2019-10-16 12:22:04+02,77c4cc3c-ae11-43c4-85cc-5c147409b46f,1.219,1.369,1.349,0,1,1
120032,2019-10-16 13:00:04+02,77c4cc3c-ae11-43c4-85cc-5c147409b46f,1.279,1.429,1.409,1,1,1
141004,2019-10-16 14:06:04+02,77c4cc3c-ae11-43c4-85cc-5c147409b46f,1.259,1.399,1.379,1,1,1
162030,2019-10-16 15:23:04+02,77c4cc3c-ae11-43c4-85cc-5c147409b46f,1.219,1.359,1.339,1,1,1
171173,2019-10-16 16:00:05+02,77c4cc3c-ae11-43c4-85cc-5c147409b46f,1.259,1.399,1.379,1,1,1
192220,2019-10-16 17:06:04+02,77c4cc3c-ae11-43c4-85cc-5c147409b46f,1.249,1.379,1.359,1,1,1
212264,2019-10-16 18:22:04+02,77c4cc3c-ae11-43c4-85cc-5c147409b46f,1.219,1.359,1.339,1,1,1
219899,2019-10-16 19:01:04+02,77c4cc3c-ae11-43c4-85cc-5c147409b46f,1.259,1.399,1.379,1,1,1
234007,2019-10-16 19:52:05+02,77c4cc3c-ae11-43c4-85cc-5c147409b46f,1.219,1.359,1.339,1,1,1
235461,2019-10-16 19:57:04+02,77c4cc3c-ae11-43c4-85cc-5c147409b46f,1.219,1.349,1.329,0,1,1
246335,2019-10-16 22:01:04+02,77c4cc3c-ae11-43c4-85cc-5c147409b46f,1.279,1.409,1.389,1,1,1
3141,2019-10-17 05:02:05+02,77c4cc3c-ae11-43c4-85cc-5c147409b46f,1.379,1.539,1.519,1,1,1
25765,2019-10-17 07:41:04+02,77c4cc3c-ae11-43c4-85cc-5c147409b46f,1.319,1.449,1.429,1,1,1
33255,2019-10-17 08:00:04+02,77c4cc3c-ae11-43c4-85cc-5c147409b46f,1.299,1.429,1.409,1,1,1
54125,2019-10-17 09:20:04+02,77c4cc3c-ae11-43c4-85cc-5c147409b46f,1.269,1.399,1.379,1,1,1
67062,2019-10-17 10:01:04+02,77c4cc3c-ae11-43c4-85cc-5c147409b46f,1.329,1.459,1.439,1,1,1
75217,2019-10-17 10:25:04+02,77c4cc3c-ae11-43c4-85cc-5c147409b46f,1.319,1.449,1.429,1,1,1
86631,2019-10-17 11:05:04+02,77c4cc3c-ae11-43c4-85cc-5c147409b46f,1.309,1.439,1.419,1,1,1
88846,2019-10-17 11:09:04+02,77c4cc3c-ae11-43c4-85cc-5c147409b46f,1.289,1.429,1.409,1,1,1
93907,2019-10-17 11:22:04+02,77c4cc3c-ae11-43c4-85cc-5c147409b46f,1.259,1.389,1.369,1,1,1
109612,2019-10-17 12:19:03+02,77c4cc3c-ae11-43c4-85cc-5c147409b46f,1.219,1.369,1.349,1,1,1
122050,2019-10-17 13:01:04+02,77c4cc3c-ae11-43c4-85cc-5c147409b46f,1.279,1.429,1.409,1,1,1
141209,2019-10-17 14:08:04+02,77c4cc3c-ae11-43c4-85cc-5c147409b46f,1.259,1.409,1.389,1,1,1
143484,2019-10-17 14:11:03+02,77c4cc3c-ae11-43c4-85cc-5c147409b46f,1.259,1.389,1.369,0,1,1
161682,2019-10-17 15:21:04+02,77c4cc3c-ae11-43c4-85cc-5c147409b46f,1.219,1.369,1.349,1,1,1
164711,2019-10-17 15:29:03+02,77c4cc3c-ae11-43c4-85cc-5c147409b46f,1.219,1.349,1.329,0,1,1
173953,2019-10-17 16:01:04+02,77c4cc3c-ae11-43c4-85cc-5c147409b46f,1.259,1.389,1.369,1,1,1
203974,2019-10-17 17:41:04+02,77c4cc3c-ae11-43c4-85cc-5c147409b46f,1.249,1.369,1.349,1,1,1
212671,2019-10-17 18:20:04+02,77c4cc3c-ae11-43c4-85cc-5c147409b46f,1.219,1.349,1.329,1,1,1
219386,2019-10-17 19:00:04+02,77c4cc3c-ae11-43c4-85cc-5c147409b46f,1.259,1.389,1.369,1,1,1
239581,2019-10-17 22:00:08+02,77c4cc3c-ae11-43c4-85cc-5c147409b46f,1.319,1.449,1.429,1,1,1
892,2019-10-18 05:00:10+02,77c4cc3c-ae11-43c4-85cc-5c147409b46f,1.379,1.539,1.519,1,1,1
29321,2019-10-18 07:52:04+02,77c4cc3c-ae11-43c4-85cc-5c147409b46f,1.339,1.469,1.449,1,1,1
32289,2019-10-18 07:58:04+02,77c4cc3c-ae11-43c4-85cc-5c147409b46f,1.279,1.399,1.379,1,1,1
53592,2019-10-18 09:19:04+02,77c4cc3c-ae11-43c4-85cc-5c147409b46f,1.229,1.359,1.339,1,1,1
63026,2019-10-18 10:00:04+02,77c4cc3c-ae11-43c4-85cc-5c147409b46f,1.289,1.419,1.399,1,1,1
86260,2019-10-18 11:04:04+02,77c4cc3c-ae11-43c4-85cc-5c147409b46f,1.269,1.389,1.369,1,1,1
109948,2019-10-18 12:21:04+02,77c4cc3c-ae11-43c4-85cc-5c147409b46f,1.219,1.359,1.339,1,1,1
118544,2019-10-18 13:00:04+02,77c4cc3c-ae11-43c4-85cc-5c147409b46f,1.279,1.419,1.399,1,1,1
141517,2019-10-18 14:08:04+02,77c4cc3c-ae11-43c4-85cc-5c147409b46f,1.259,1.379,1.359,1,1,1
161283,2019-10-18 15:19:03+02,77c4cc3c-ae11-43c4-85cc-5c147409b46f,1.209,1.359,1.339,1,1,1
172076,2019-10-18 16:01:04+02,77c4cc3c-ae11-43c4-85cc-5c147409b46f,1.249,1.399,1.379,1,1,1
193081,2019-10-18 17:06:04+02,77c4cc3c-ae11-43c4-85cc-5c147409b46f,1.249,1.379,1.359,0,1,1
212227,2019-10-18 18:19:03+02,77c4cc3c-ae11-43c4-85cc-5c147409b46f,1.209,1.359,1.339,1,1,1
220254,2019-10-18 19:01:04+02,77c4cc3c-ae11-43c4-85cc-5c147409b46f,1.249,1.399,1.379,1,1,1
234239,2019-10-18 19:52:04+02,77c4cc3c-ae11-43c4-85cc-5c147409b46f,1.209,1.359,1.339,1,1,1
246120,2019-10-18 22:01:04+02,77c4cc3c-ae11-43c4-85cc-5c147409b46f,1.269,1.419,1.399,1,1,1
3837,2019-10-19 05:01:04+02,77c4cc3c-ae11-43c4-85cc-5c147409b46f,1.379,1.539,1.519,1,1,1
28295,2019-10-19 07:53:04+02,77c4cc3c-ae11-43c4-85cc-5c147409b46f,1.329,1.479,1.459,1,1,1
46306,2019-10-19 08:55:04+02,77c4cc3c-ae11-43c4-85cc-5c147409b46f,1.329,1.449,1.429,0,1,1
52541,2019-10-19 09:22:03+02,77c4cc3c-ae11-43c4-85cc-5c147409b46f,1.309,1.429,1.409,1,1,1
54218,2019-10-19 09:26:04+02,77c4cc3c-ae11-43c4-85cc-5c147409b46f,1.279,1.399,1.379,1,1,1
63823,2019-10-19 10:01:03+02,77c4cc3c-ae11-43c4-85cc-5c147409b46f,1.339,1.459,1.439,1,1,1
72478,2019-10-19 10:22:04+02,77c4cc3c-ae11-43c4-85cc-5c147409b46f,1.329,1.449,1.429,1,1,1
86545,2019-10-19 11:06:04+02,77c4cc3c-ae11-43c4-85cc-5c147409b46f,1.279,1.399,1.379,1,1,1
93510,2019-10-19 11:25:04+02,77c4cc3c-ae11-43c4-85cc-5c147409b46f,1.269,1.389,1.369,1,1,1
107933,2019-10-19 12:19:03+02,77c4cc3c-ae11-43c4-85cc-5c147409b46f,1.219,1.359,1.339,1,1,1
109755,2019-10-19 12:26:04+02,77c4cc3c-ae11-43c4-85cc-5c147409b46f,1.209,1.349,1.329,1,1,1
119250,2019-10-19 13:01:04+02,77c4cc3c-ae11-43c4-85cc-5c147409b46f,1.279,1.409,1.389,1,1,1
140033,2019-10-19 14:09:03+02,77c4cc3c-ae11-43c4-85cc-5c147409b46f,1.259,1.389,1.369,1,1,1
158964,2019-10-19 15:17:04+02,77c4cc3c-ae11-43c4-85cc-5c147409b46f,1.209,1.349,1.329,1,1,1
169310,2019-10-19 16:01:03+02,77c4cc3c-ae11-43c4-85cc-5c147409b46f,1.249,1.389,1.369,1,1,1
175071,2019-10-19 16:16:03+02,77c4cc3c-ae11-43c4-85cc-5c147409b46f,1.239,1.379,1.359,1,1,1
208654,2019-10-19 18:19:04+02,77c4cc3c-ae11-43c4-85cc-5c147409b46f,1.209,1.349,1.329,1,1,1
209927,2019-10-19 18:25:04+02,77c4cc3c-ae11-43c4-85cc-5c147409b46f,1.199,1.339,1.319,1,1,1
217068,2019-10-19 19:00:04+02,77c4cc3c-ae11-43c4-85cc-5c147409b46f,1.239,1.379,1.359,1,1,1
223741,2019-10-19 19:24:04+02,77c4cc3c-ae11-43c4-85cc-5c147409b46f,1.229,1.369,1.349,1,1,1
229052,2019-10-19 19:52:04+02,77c4cc3c-ae11-43c4-85cc-5c147409b46f,1.189,1.329,1.309,1,1,1
238888,2019-10-19 22:00:09+02,77c4cc3c-ae11-43c4-85cc-5c147409b46f,1.249,1.389,1.369,1,1,1
3747,2019-10-20 05:13:04+02,77c4cc3c-ae11-43c4-85cc-5c147409b46f,1.379,1.539,1.519,1,1,1
25359,2019-10-20 07:52:04+02,77c4cc3c-ae11-43c4-85cc-5c147409b46f,1.319,1.449,1.429,1,1,1
32700,2019-10-20 08:19:03+02,77c4cc3c-ae11-43c4-85cc-5c147409b46f,1.279,1.399,1.379,1,1,1
47400,2019-10-20 09:21:04+02,77c4cc3c-ae11-43c4-85cc-5c147409b46f,1.209,1.349,1.329,1,1,1
56281,2019-10-20 10:00:04+02,77c4cc3c-ae11-43c4-85cc-5c147409b46f,1.269,1.409,1.389,1,1,1
77022,2019-10-20 11:05:04+02,77c4cc3c-ae11-43c4-85cc-5c147409b46f,1.269,1.389,1.369,0,1,1
97873,2019-10-20 12:21:04+02,77c4cc3c-ae11-43c4-85cc-5c147409b46f,1.209,1.349,1.329,1,1,1
104568,2019-10-20 13:00:04+02,77c4cc3c-ae11-43c4-85cc-5c147409b46f,1.279,1.409,1.389,1,1,1
123930,2019-10-20 14:04:09+02,77c4cc3c-ae11-43c4-85cc-5c147409b46f,1.259,1.389,1.369,1,1,1
141429,2019-10-20 15:19:04+02,77c4cc3c-ae11-43c4-85cc-5c147409b46f,1.209,1.349,1.329,1,1,1
147740,2019-10-20 16:00:04+02,77c4cc3c-ae11-43c4-85cc-5c147409b46f,1.249,1.389,1.369,1,1,1
167297,2019-10-20 17:04:04+02,77c4cc3c-ae11-43c4-85cc-5c147409b46f,1.249,1.379,1.359,0,1,1
184775,2019-10-20 18:16:04+02,77c4cc3c-ae11-43c4-85cc-5c147409b46f,1.209,1.339,1.319,1,1,1
192018,2019-10-20 19:00:04+02,77c4cc3c-ae11-43c4-85cc-5c147409b46f,1.249,1.379,1.359,1,1,1
204249,2019-10-20 19:49:03+02,77c4cc3c-ae11-43c4-85cc-5c147409b46f,1.209,1.339,1.319,1,1,1
214761,2019-10-20 22:00:04+02,77c4cc3c-ae11-43c4-85cc-5c147409b46f,1.269,1.399,1.379,1,1,1
1212,2019-10-21 05:00:04+02,77c4cc3c-ae11-43c4-85cc-5c147409b46f,1.379,1.539,1.519,1,1,1
30643,2019-10-21 07:52:03+02,77c4cc3c-ae11-43c4-85cc-5c147409b46f,1.329,1.459,1.439,1,1,1
32182,2019-10-21 07:56:04+02,77c4cc3c-ae11-43c4-85cc-5c147409b46f,1.329,1.439,1.419,0,1,1
53449,2019-10-21 09:17:04+02,77c4cc3c-ae11-43c4-85cc-5c147409b46f,1.309,1.419,1.399,1,1,1
55588,2019-10-21 09:24:04+02,77c4cc3c-ae11-43c4-85cc-5c147409b46f,1.279,1.399,1.379,1,1,1
63893,2019-10-21 10:00:04+02,77c4cc3c-ae11-43c4-85cc-5c147409b46f,1.339,1.459,1.439,1,1,1
89209,2019-10-21 11:10:05+02,77c4cc3c-ae11-43c4-85cc-5c147409b46f,1.289,1.409,1.389,1,1,1
92709,2019-10-21 11:20:04+02,77c4cc3c-ae11-43c4-85cc-5c147409b46f,1.269,1.389,1.369,1,1,1
109473,2019-10-21 12:19:03+02,77c4cc3c-ae11-43c4-85cc-5c147409b46f,1.219,1.359,1.339,1,1,1
118979,2019-10-21 13:00:04+02,77c4cc3c-ae11-43c4-85cc-5c147409b46f,1.279,1.419,1.399,1,1,1
140779,2019-10-21 14:06:04+02,77c4cc3c-ae11-43c4-85cc-5c147409b46f,1.259,1.399,1.379,1,1,1
151893,2019-10-21 14:40:04+02,77c4cc3c-ae11-43c4-85cc-5c147409b46f,1.249,1.379,1.359,1,1,1
161862,2019-10-21 15:21:04+02,77c4cc3c-ae11-43c4-85cc-5c147409b46f,1.209,1.359,1.339,1,1,1
172193,2019-10-21 16:00:05+02,77c4cc3c-ae11-43c4-85cc-5c147409b46f,1.249,1.399,1.379,1,1,1
192948,2019-10-21 17:04:03+02,77c4cc3c-ae11-43c4-85cc-5c147409b46f,1.249,1.369,1.349,0,1,1
212204,2019-10-21 18:16:04+02,77c4cc3c-ae11-43c4-85cc-5c147409b46f,1.209,1.359,1.339,1,1,1
221188,2019-10-21 19:00:04+02,77c4cc3c-ae11-43c4-85cc-5c147409b46f,1.249,1.399,1.379,1,1,1
235351,2019-10-21 19:50:05+02,77c4cc3c-ae11-43c4-85cc-5c147409b46f,1.209,1.359,1.339,1,1,1
246695,2019-10-21 22:00:07+02,77c4cc3c-ae11-43c4-85cc-5c147409b46f,1.269,1.419,1.399,1,1,1
580,2019-10-22 05:00:04+02,77c4cc3c-ae11-43c4-85cc-5c147409b46f,1.369,1.539,1.519,1,1,1
29093,2019-10-22 07:50:04+02,77c4cc3c-ae11-43c4-85cc-5c147409b46f,1.329,1.479,1.459,1,1,1
44598,2019-10-22 08:40:04+02,77c4cc3c-ae11-43c4-85cc-5c147409b46f,1.309,1.449,1.429,1,1,1
54415,2019-10-22 09:19:04+02,77c4cc3c-ae11-43c4-85cc-5c147409b46f,1.269,1.399,1.379,1,1,1
63239,2019-10-22 10:00:04+02,77c4cc3c-ae11-43c4-85cc-5c147409b46f,1.329,1.459,1.439,1,1,1
85130,2019-10-22 11:04:04+02,77c4cc3c-ae11-43c4-85cc-5c147409b46f,1.289,1.419,1.399,1,1,1
86101,2019-10-22 11:06:04+02,77c4cc3c-ae11-43c4-85cc-5c147409b46f,1.259,1.379,1.359,1,1,1
106461,2019-10-22 12:21:04+02,77c4cc3c-ae11-43c4-85cc-5c147409b46f,1.219,1.369,1.349,1,1,1
114541,2019-10-22 13:00:04+02,77c4cc3c-ae11-43c4-85cc-5c147409b46f,1.279,1.429,1.409,1,1,1
120793,2019-10-22 13:16:04+02,77c4cc3c-ae11-43c4-85cc-5c147409b46f,1.279,1.419,1.399,0,1,1
135624,2019-10-22 14:03:05+02,77c4cc3c-ae11-43c4-85cc-5c147409b46f,1.259,1.399,1.379,1,1,1
150222,2019-10-22 14:44:04+02,77c4cc3c-ae11-43c4-85cc-5c147409b46f,1.249,1.379,1.359,1,1,1
157887,2019-10-22 15:16:03+02,77c4cc3c-ae11-43c4-85cc-5c147409b46f,1.219,1.369,1.349,1,1,1
160542,2019-10-22 15:24:04+02,77c4cc3c-ae11-43c4-85cc-5c147409b46f,1.219,1.359,1.339,0,1,1
168966,2019-10-22 16:01:05+02,77c4cc3c-ae11-43c4-85cc-5c147409b46f,1.259,1.399,1.379,1,1,1
189383,2019-10-22 17:02:03+02,77c4cc3c-ae11-43c4-85cc-5c147409b46f,1.249,1.369,1.349,1,1,1
210760,2019-10-22 18:18:04+02,77c4cc3c-ae11-43c4-85cc-5c147409b46f,1.219,1.369,1.349,1,0,0
211363,2019-10-22 18:21:04+02,77c4cc3c-ae11-43c4-85cc-5c147409b46f,1.219,1.359,1.339,0,1,1
218294,2019-10-22 19:01:04+02,77c4cc3c-ae11-43c4-85cc-5c147409b46f,1.259,1.399,1.379,1,1,1
232152,2019-10-22 19:52:04+02,77c4cc3c-ae11-43c4-85cc-5c147409b46f,1.219,1.359,1.339,1,1,1
243749,2019-10-22 22:01:05+02,77c4cc3c-ae11-43c4-85cc-5c147409b46f,1.279,1.419,1.399,1,1,1
4174,2019-10-23 05:01:04+02,77c4cc3c-ae11-43c4-85cc-5c147409b46f,1.379,1.539,1.519,1,1,1
29885,2019-10-23 07:53:04+02,77c4cc3c-ae11-43c4-85cc-5c147409b46f,1.309,1.399,1.379,1,1,1
53762,2019-10-23 09:18:04+02,77c4cc3c-ae11-43c4-85cc-5c147409b46f,1.289,1.379,1.359,1,1,1
55140,2019-10-23 09:22:03+02,77c4cc3c-ae11-43c4-85cc-5c147409b46f,1.269,1.379,1.359,1,0,0
63176,2019-10-23 10:01:04+02,77c4cc3c-ae11-43c4-85cc-5c147409b46f,1.329,1.439,1.419,1,1,1
66933,2019-10-23 10:02:04+02,77c4cc3c-ae11-43c4-85cc-5c147409b46f,1.309,1.439,1.419,1,0,0
86847,2019-10-23 11:04:04+02,77c4cc3c-ae11-43c4-85cc-5c147409b46f,1.279,1.389,1.369,1,1,1
88837,2019-10-23 11:07:04+02,77c4cc3c-ae11-43c4-85cc-5c147409b46f,1.259,1.379,1.359,1,1,1
109372,2019-10-23 12:18:04+02,77c4cc3c-ae11-43c4-85cc-5c147409b46f,1.219,1.349,1.329,1,1,1
120115,2019-10-23 13:01:04+02,77c4cc3c-ae11-43c4-85cc-5c147409b46f,1.279,1.409,1.389,1,1,1
141471,2019-10-23 14:05:04+02,77c4cc3c-ae11-43c4-85cc-5c147409b46f,1.259,1.379,1.359,1,1,1
163697,2019-10-23 15:19:04+02,77c4cc3c-ae11-43c4-85cc-5c147409b46f,1.219,1.349,1.329,1,1,1
175822,2019-10-23 16:01:04+02,77c4cc3c-ae11-43c4-85cc-5c147409b46f,1.259,1.389,1.369,1,1,1
195177,2019-10-23 17:06:03+02,77c4cc3c-ae11-43c4-85cc-5c147409b46f,1.249,1.369,1.349,1,1,1
215130,2019-10-23 18:20:03+02,77c4cc3c-ae11-43c4-85cc-5c147409b46f,1.219,1.349,1.329,1,1,1
222678,2019-10-23 19:01:04+02,77c4cc3c-ae11-43c4-85cc-5c147409b46f,1.259,1.389,1.369,1,1,1
237762,2019-10-23 19:52:04+02,77c4cc3c-ae11-43c4-85cc-5c147409b46f,1.219,1.349,1.329,1,1,1
249594,2019-10-23 22:01:04+02,77c4cc3c-ae11-43c4-85cc-5c147409b46f,1.279,1.409,1.389,1,1,1
4778,2019-10-24 05:11:10+02,77c4cc3c-ae11-43c4-85cc-5c147409b46f,1.379,1.539,1.519,1,1,1
30274,2019-10-24 07:52:05+02,77c4cc3c-ae11-43c4-85cc-5c147409b46f,1.319,1.449,1.429,1,1,1
50361,2019-10-24 08:59:07+02,77c4cc3c-ae11-43c4-85cc-5c147409b46f,1.299,1.419,1.399,1,1,1
56237,2019-10-24 09:21:05+02,77c4cc3c-ae11-43c4-85cc-5c147409b46f,1.279,1.399,1.379,1,1,1
57347,2019-10-24 09:23:04+02,77c4cc3c-ae11-43c4-85cc-5c147409b46f,1.269,1.389,1.369,1,1,1
65659,2019-10-24 10:00:06+02,77c4cc3c-ae11-43c4-85cc-5c147409b46f,1.329,1.449,1.429,1,1,1
89534,2019-10-24 11:05:05+02,77c4cc3c-ae11-43c4-85cc-5c147409b46f,1.259,1.379,1.359,1,1,1
111551,2019-10-24 12:21:04+02,77c4cc3c-ae11-43c4-85cc-5c147409b46f,1.219,1.359,1.339,1,1,1
119702,2019-10-24 13:00:04+02,77c4cc3c-ae11-43c4-85cc-5c147409b46f,1.279,1.419,1.399,1,1,1
141338,2019-10-24 14:04:04+02,77c4cc3c-ae11-43c4-85cc-5c147409b46f,1.259,1.379,1.359,1,1,1
162754,2019-10-24 15:19:04+02,77c4cc3c-ae11-43c4-85cc-5c147409b46f,1.219,1.349,1.329,1,1,1
173366,2019-10-24 16:00:04+02,77c4cc3c-ae11-43c4-85cc-5c147409b46f,1.259,1.389,1.369,1,1,1
192633,2019-10-24 17:04:03+02,77c4cc3c-ae11-43c4-85cc-5c147409b46f,1.249,1.379,1.359,1,1,1
209044,2019-10-24 18:20:04+02,77c4cc3c-ae11-43c4-85cc-5c147409b46f,1.219,1.349,1.329,1,1,1
218681,2019-10-24 19:00:06+02,77c4cc3c-ae11-43c4-85cc-5c147409b46f,1.259,1.389,1.369,1,1,1
230903,2019-10-24 19:54:04+02,77c4cc3c-ae11-43c4-85cc-5c147409b46f,1.219,1.349,1.329,1,1,1
4123,2019-10-25 05:01:05+02,77c4cc3c-ae11-43c4-85cc-5c147409b46f,1.389,1.549,1.529,1,1,1
31401,2019-10-25 07:54:03+02,77c4cc3c-ae11-43c4-85cc-5c147409b46f,1.279,1.409,1.389,1,1,1
55041,2019-10-25 09:20:04+02,77c4cc3c-ae11-43c4-85cc-5c147409b46f,1.259,1.359,1.339,1,1,1
68257,2019-10-25 10:01:04+02,77c4cc3c-ae11-43c4-85cc-5c147409b46f,1.319,1.419,1.399,1,1,1
89716,2019-10-25 11:08:05+02,77c4cc3c-ae11-43c4-85cc-5c147409b46f,1.269,1.399,1.379,1,1,1
111258,2019-10-25 12:23:04+02,77c4cc3c-ae11-43c4-85cc-5c147409b46f,1.229,1.359,1.339,1,1,1
121798,2019-10-25 13:01:04+02,77c4cc3c-ae11-43c4-85cc-5c147409b46f,1.289,1.419,1.399,1,1,1
143604,2019-10-25 14:08:04+02,77c4cc3c-ae11-43c4-85cc-5c147409b46f,1.269,1.399,1.379,1,1,1
161872,2019-10-25 15:20:04+02,77c4cc3c-ae11-43c4-85cc-5c147409b46f,1.219,1.349,1.329,1,1,1
172985,2019-10-25 16:01:04+02,77c4cc3c-ae11-43c4-85cc-5c147409b46f,1.259,1.389,1.369,1,1,1
211336,2019-10-25 18:23:04+02,77c4cc3c-ae11-43c4-85cc-5c147409b46f,1.219,1.349,1.329,1,1,1
217938,2019-10-25 19:00:04+02,77c4cc3c-ae11-43c4-85cc-5c147409b46f,1.259,1.389,1.369,1,1,1
231914,2019-10-25 19:54:03+02,77c4cc3c-ae11-43c4-85cc-5c147409b46f,1.219,1.349,1.329,1,1,1
240908,2019-10-25 22:00:06+02,77c4cc3c-ae11-43c4-85cc-5c147409b46f,1.299,1.429,1.409,1,1,1
16969,2019-10-26 07:00:04+02,77c4cc3c-ae11-43c4-85cc-5c147409b46f,1.369,1.529,1.509,1,1,1
50302,2019-10-26 09:20:04+02,77c4cc3c-ae11-43c4-85cc-5c147409b46f,1.239,1.349,1.329,1,1,1
61285,2019-10-26 10:00:04+02,77c4cc3c-ae11-43c4-85cc-5c147409b46f,1.299,1.409,1.389,1,1,1
83857,2019-10-26 11:07:04+02,77c4cc3c-ae11-43c4-85cc-5c147409b46f,1.269,1.399,1.379,1,1,1
104431,2019-10-26 12:22:03+02,77c4cc3c-ae11-43c4-85cc-5c147409b46f,1.219,1.349,1.329,1,1,1
113974,2019-10-26 13:00:04+02,77c4cc3c-ae11-43c4-85cc-5c147409b46f,1.289,1.419,1.399,1,1,1
136134,2019-10-26 14:08:04+02,77c4cc3c-ae11-43c4-85cc-5c147409b46f,1.269,1.389,1.369,1,1,1
155654,2019-10-26 15:22:03+02,77c4cc3c-ae11-43c4-85cc-5c147409b46f,1.219,1.349,1.329,1,1,1
163506,2019-10-26 16:00:04+02,77c4cc3c-ae11-43c4-85cc-5c147409b46f,1.259,1.389,1.369,1,1,1
204263,2019-10-26 18:23:04+02,77c4cc3c-ae11-43c4-85cc-5c147409b46f,1.219,1.349,1.329,1,1,1
211149,2019-10-26 19:00:04+02,77c4cc3c-ae11-43c4-85cc-5c147409b46f,1.259,1.389,1.369,1,1,1
224689,2019-10-26 19:53:04+02,77c4cc3c-ae11-43c4-85cc-5c147409b46f,1.219,1.349,1.329,1,1,1
233862,2019-10-26 22:00:04+02,77c4cc3c-ae11-43c4-85cc-5c147409b46f,1.299,1.429,1.409,1,1,1
15317,2019-10-27 07:00:04+01,77c4cc3c-ae11-43c4-85cc-5c147409b46f,1.369,1.529,1.509,1,1,1
38042,2019-10-27 08:51:04+01,77c4cc3c-ae11-43c4-85cc-5c147409b46f,1.259,1.359,1.339,1,1,1
45724,2019-10-27 09:20:04+01,77c4cc3c-ae11-43c4-85cc-5c147409b46f,1.239,1.339,1.319,1,1,1
55183,2019-10-27 10:00:04+01,77c4cc3c-ae11-43c4-85cc-5c147409b46f,1.299,1.399,1.379,1,1,1
78136,2019-10-27 11:08:23+01,77c4cc3c-ae11-43c4-85cc-5c147409b46f,1.269,1.399,1.379,1,0,0
97337,2019-10-27 12:23:03+01,77c4cc3c-ae11-43c4-85cc-5c147409b46f,1.219,1.349,1.329,1,1,1
104075,2019-10-27 13:00:04+01,77c4cc3c-ae11-43c4-85cc-5c147409b46f,1.289,1.419,1.399,1,1,1
130905,2019-10-27 14:22:04+01,77c4cc3c-ae11-43c4-85cc-5c147409b46f,1.269,1.389,1.369,1,1,1
144255,2019-10-27 15:22:04+01,77c4cc3c-ae11-43c4-85cc-5c147409b46f,1.219,1.349,1.329,1,1,1
151353,2019-10-27 16:00:04+01,77c4cc3c-ae11-43c4-85cc-5c147409b46f,1.259,1.389,1.369,1,1,1
171129,2019-10-27 16:33:04+01,77c4cc3c-ae11-43c4-85cc-5c147409b46f,1.259,1.389,1.369,3,3,3
190933,2019-10-27 17:12:04+01,77c4cc3c-ae11-43c4-85cc-5c147409b46f,1.259,1.389,1.369,3,3,3
208389,2019-10-27 18:23:04+01,77c4cc3c-ae11-43c4-85cc-5c147409b46f,1.219,1.349,1.329,1,1,1
214543,2019-10-27 19:00:03+01,77c4cc3c-ae11-43c4-85cc-5c147409b46f,1.259,1.389,1.369,1,1,1
227600,2019-10-27 19:56:03+01,77c4cc3c-ae11-43c4-85cc-5c147409b46f,1.219,1.349,1.329,1,1,1
237543,2019-10-27 22:00:04+01,77c4cc3c-ae11-43c4-85cc-5c147409b46f,1.279,1.409,1.389,1,1,1
982,2019-10-28 05:00:04+01,77c4cc3c-ae11-43c4-85cc-5c147409b46f,1.399,1.559,1.539,1,1,1
30223,2019-10-28 07:51:04+01,77c4cc3c-ae11-43c4-85cc-5c147409b46f,1.289,1.409,1.389,1,1,1
55447,2019-10-28 09:23:05+01,77c4cc3c-ae11-43c4-85cc-5c147409b46f,1.249,1.369,1.349,1,1,1
66849,2019-10-28 10:00:04+01,77c4cc3c-ae11-43c4-85cc-5c147409b46f,1.309,1.429,1.409,1,1,1
88191,2019-10-28 11:06:04+01,77c4cc3c-ae11-43c4-85cc-5c147409b46f,1.269,1.399,1.379,1,1,1
109066,2019-10-28 12:20:07+01,77c4cc3c-ae11-43c4-85cc-5c147409b46f,1.219,1.349,1.329,1,1,1
119577,2019-10-28 13:00:20+01,77c4cc3c-ae11-43c4-85cc-5c147409b46f,1.289,1.419,1.399,1,1,1
139857,2019-10-28 14:06:18+01,77c4cc3c-ae11-43c4-85cc-5c147409b46f,1.269,1.389,1.369,1,1,1
160543,2019-10-28 15:23:05+01,77c4cc3c-ae11-43c4-85cc-5c147409b46f,1.219,1.349,1.329,1,1,1
169042,2019-10-28 16:01:05+01,77c4cc3c-ae11-43c4-85cc-5c147409b46f,1.259,1.389,1.369,1,1,1
209197,2019-10-28 18:22:03+01,77c4cc3c-ae11-43c4-85cc-5c147409b46f,1.219,1.349,1.329,1,1,1
215911,2019-10-28 19:01:04+01,77c4cc3c-ae11-43c4-85cc-5c147409b46f,1.259,1.389,1.369,1,1,1
229175,2019-10-28 19:53:04+01,77c4cc3c-ae11-43c4-85cc-5c147409b46f,1.219,1.349,1.329,1,1,1
240055,2019-10-28 22:01:06+01,77c4cc3c-ae11-43c4-85cc-5c147409b46f,1.279,1.409,1.389,1,1,1
4734,2019-10-29 05:08:04+01,77c4cc3c-ae11-43c4-85cc-5c147409b46f,1.399,1.559,1.539,1,1,1
29726,2019-10-29 07:51:04+01,77c4cc3c-ae11-43c4-85cc-5c147409b46f,1.279,1.409,1.389,1,1,1
54991,2019-10-29 09:20:12+01,77c4cc3c-ae11-43c4-85cc-5c147409b46f,1.259,1.359,1.339,1,1,1
67261,2019-10-29 10:00:05+01,77c4cc3c-ae11-43c4-85cc-5c147409b46f,1.319,1.419,1.399,1,1,1
68050,2019-10-29 10:01:10+01,77c4cc3c-ae11-43c4-85cc-5c147409b46f,1.309,1.419,1.399,1,0,0
87843,2019-10-29 11:07:14+01,77c4cc3c-ae11-43c4-85cc-5c147409b46f,1.269,1.399,1.379,1,1,1
107807,2019-10-29 12:17:20+01,77c4cc3c-ae11-43c4-85cc-5c147409b46f,1.229,1.349,1.329,1,1,1
120032,2019-10-29 13:01:29+01,77c4cc3c-ae11-43c4-85cc-5c147409b46f,1.289,1.419,1.399,1,1,1
140490,2019-10-29 14:07:28+01,77c4cc3c-ae11-43c4-85cc-5c147409b46f,1.269,1.389,1.369,1,1,1
141639,2019-10-29 14:08:30+01,77c4cc3c-ae11-43c4-85cc-5c147409b46f,1.259,1.389,1.369,1,0,0
161045,2019-10-29 15:22:04+01,77c4cc3c-ae11-43c4-85cc-5c147409b46f,1.229,1.349,1.329,1,1,1
170243,2019-10-29 16:01:05+01,77c4cc3c-ae11-43c4-85cc-5c147409b46f,1.269,1.389,1.369,1,1,1
191560,2019-10-29 17:09:05+01,77c4cc3c-ae11-43c4-85cc-5c147409b46f,1.249,1.389,1.369,1,0,0
209016,2019-10-29 18:22:03+01,77c4cc3c-ae11-43c4-85cc-5c147409b46f,1.229,1.349,1.329,1,1,1
217944,2019-10-29 19:01:04+01,77c4cc3c-ae11-43c4-85cc-5c147409b46f,1.269,1.389,1.369,1,1,1
228364,2019-10-29 19:51:04+01,77c4cc3c-ae11-43c4-85cc-5c147409b46f,1.229,1.349,1.329,1,1,1
238360,2019-10-29 22:00:05+01,77c4cc3c-ae11-43c4-85cc-5c147409b46f,1.289,1.409,1.389,1,1,1
693,2019-10-30 05:00:04+01,77c4cc3c-ae11-43c4-85cc-5c147409b46f,1.389,1.559,1.539,1,1,1
31137,2019-10-30 07:54:03+01,77c4cc3c-ae11-43c4-85cc-5c147409b46f,1.349,1.469,1.449,1,1,1
35392,2019-10-30 08:10:04+01,77c4cc3c-ae11-43c4-85cc-5c147409b46f,1.279,1.409,1.389,1,1,1
50604,2019-10-30 09:21:05+01,77c4cc3c-ae11-43c4-85cc-5c147409b46f,1.259,1.369,1.349,1,1,1
58999,2019-10-30 10:00:04+01,77c4cc3c-ae11-43c4-85cc-5c147409b46f,1.319,1.429,1.409,1,1,1
77637,2019-10-30 11:08:04+01,77c4cc3c-ae11-43c4-85cc-5c147409b46f,1.269,1.399,1.379,1,1,1
93787,2019-10-30 12:20:04+01,77c4cc3c-ae11-43c4-85cc-5c147409b46f,1.259,1.369,1.349,1,1,1
101331,2019-10-30 13:00:04+01,77c4cc3c-ae11-43c4-85cc-5c147409b46f,1.319,1.429,1.409,1,1,1
119503,2019-10-30 14:06:04+01,77c4cc3c-ae11-43c4-85cc-5c147409b46f,1.259,1.399,1.379,1,1,1
134825,2019-10-30 15:18:03+01,77c4cc3c-ae11-43c4-85cc-5c147409b46f,1.259,1.369,1.349,0,1,1
143054,2019-10-30 16:00:04+01,77c4cc3c-ae11-43c4-85cc-5c147409b46f,1.299,1.409,1.389,1,1,1
160910,2019-10-30 17:07:04+01,77c4cc3c-ae11-43c4-85cc-5c147409b46f,1.259,1.389,1.369,1,1,1
175681,2019-10-30 18:17:04+01,77c4cc3c-ae11-43c4-85cc-5c147409b46f,1.259,1.369,1.349,0,1,1
181740,2019-10-30 19:00:04+01,77c4cc3c-ae11-43c4-85cc-5c147409b46f,1.299,1.409,1.389,1,1,1
193990,2019-10-30 19:53:04+01,77c4cc3c-ae11-43c4-85cc-5c147409b46f,1.259,1.369,1.349,1,1,1
196474,2019-10-30 20:08:03+01,77c4cc3c-ae11-43c4-85cc-5c147409b46f,1.229,1.369,1.349,1,0,0
206914,2019-10-30 22:00:04+01,77c4cc3c-ae11-43c4-85cc-5c147409b46f,1.289,1.429,1.409,1,1,1
975,2019-10-31 05:00:04+01,77c4cc3c-ae11-43c4-85cc-5c147409b46f,1.389,1.559,1.539,1,1,1
31830,2019-10-31 07:56:04+01,77c4cc3c-ae11-43c4-85cc-5c147409b46f,1.279,1.409,1.389,1,1,1
54672,2019-10-31 09:24:06+01,77c4cc3c-ae11-43c4-85cc-5c147409b46f,1.259,1.359,1.339,1,1,1
63165,2019-10-31 10:00:04+01,77c4cc3c-ae11-43c4-85cc-5c147409b46f,1.319,1.419,1.399,1,1,1
86500,2019-10-31 11:08:05+01,77c4cc3c-ae11-43c4-85cc-5c147409b46f,1.269,1.399,1.379,1,1,1
98032,2019-10-31 11:40:03+01,77c4cc3c-ae11-43c4-85cc-5c147409b46f,1.249,1.399,1.379,1,0,0
108748,2019-10-31 12:19:09+01,77c4cc3c-ae11-43c4-85cc-5c147409b46f,1.229,1.359,1.339,1,1,1
119980,2019-10-31 13:00:11+01,77c4cc3c-ae11-43c4-85cc-5c147409b46f,1.289,1.419,1.399,1,1,1
140687,2019-10-31 14:08:08+01,77c4cc3c-ae11-43c4-85cc-5c147409b46f,1.269,1.399,1.379,1,1,1
150854,2019-10-31 14:36:09+01,77c4cc3c-ae11-43c4-85cc-5c147409b46f,1.249,1.389,1.369,1,1,1
163017,2019-10-31 15:24:06+01,77c4cc3c-ae11-43c4-85cc-5c147409b46f,1.229,1.359,1.339,1,1,1
172061,2019-10-31 16:00:05+01,77c4cc3c-ae11-43c4-85cc-5c147409b46f,1.269,1.399,1.379,1,1,1
193415,2019-10-31 17:07:05+01,77c4cc3c-ae11-43c4-85cc-5c147409b46f,1.249,1.399,1.379,1,0,0
211633,2019-10-31 18:19:04+01,77c4cc3c-ae11-43c4-85cc-5c147409b46f,1.229,1.359,1.339,1,1,1
219493,2019-10-31 19:00:04+01,77c4cc3c-ae11-43c4-85cc-5c147409b46f,1.269,1.399,1.379,1,1,1
232306,2019-10-31 19:51:11+01,77c4cc3c-ae11-43c4-85cc-5c147409b46f,1.229,1.359,1.339,1,1,1
243723,2019-10-31 22:00:04+01,77c4cc3c-ae11-43c4-85cc-5c147409b46f,1.289,1.419,1.399,1,1,1
